<!-- edited with XML Spy v4.4 U (http://www.xmlspy.com) by Johann Von Satan (Hades) -->
<ocr_template>
	<rotate_check>0</rotate_check>
	<template_type>Individual</template_type>
	<doc_pixel_width>2529</doc_pixel_width>
	<doc_pixel_height>2103</doc_pixel_height>
	<doc_resolution>300</doc_resolution>
	<scale_on_attrib>Y</scale_on_attrib>
	<software_version>0</software_version>
	<template_version>1.0</template_version>
	<system_short_name>LQ</system_short_name>
	<offset_from_model>Y</offset_from_model>
	<system>LaserQuest</system>
	<offset_model_threshold>150</offset_model_threshold>
	<RGB_color_strip_threshold>210000</RGB_color_strip_threshold>
	<!--
	<doc_offset_correction type="BOUNDARY">
		<boundary>left</boundary>
		<boundary>top</boundary>
		<x_offset>174</x_offset>
		<y_offset>175</y_offset>
	</doc_offset_correction>
	<doc_offset_correction type="OFFSET"> 
		<x_offset>175</x_offset>
		<y_offset>176</y_offset>
	</doc_offset_correction>
	-->
	<doc_offset_correction type="FIRSTCHAR">
		<first_element>
			<x>46</x>
			<y>34</y>
			<width>235</width>
			<height>279</height>
			<x_dim_min>10</x_dim_min>
			<y_dim_min>10</y_dim_min>
		</first_element>
		<x_offset>166</x_offset>
		<y_offset>182</y_offset>
	</doc_offset_correction>
	<alt_ocr_confidence_trigger>0.0</alt_ocr_confidence_trigger>
	<pack_version>3</pack_version>
	<found_skip_threshold>50</found_skip_threshold>
	<rotate>0</rotate>
	<image_file_name>lq.png</image_file_name>
	<!--  Processing to occur for all images with a resolution the same or greater than the model image -->
	<image_processing_instructions>
		<!-- <task>RESIZE,2529,2103</task> -->
		<task>COLOR_REDUCE,4 Bit Color</task>
		<task>GREY_THRESH,95</task>
		<task>DESPECKLE</task>
		<task>DESKEW</task>
	</image_processing_instructions>
	<!--  Processing to occur for all images a resolution the smaller than the model image -->
	<image_processing_instructions_upsize>
		<task>DILATE</task>
		<task>DILATE</task>
		<task>SHARPEN</task>
		<task>SHARPEN</task>
		<task>COLOR_REDUCE,4 Bit Color</task>
		<task>GREY_THRESH,95</task>
		<task>DESPECKLE</task>
		<task>RESIZE,2575,2103</task>
		<task>DESKEW</task>
		<task>NOSCALE</task>
		<!-- <task>SHARPEN</task> -->
	</image_processing_instructions_upsize>
	<elements>
		<element>
			<id>player_detail_for</id>
			<type>multi</type>
			<x>129</x>
			<width>883</width>
			<y>145</y>
			<height>1529</height>
			<elements>
				<element>
					<id>color</id>
					<type>single</type>
					<x>129</x>
					<y>145</y>
					<width>94</width>
					<height>1529</height>
					<datatype>s</datatype>
				</element>
				<element>
					<id>you_tagged</id>
					<type>single</type>
					<x>223</x>
					<y>145</y>
					<width>283</width>
					<height>1529</height>
					<datatype>s</datatype>
				</element>
				<element>
					<id>ft</id>
					<type>single</type>
					<x>506</x>
					<y>145</y>
					<width>103</width>
					<height>1529</height>
					<datatype>n</datatype>
				</element>
				<element>
					<id>bk</id>
					<type>single</type>
					<x>609</x>
					<y>145</y>
					<width>85</width>
					<height>1529</height>
					<datatype>n</datatype>
				</element>
				<element>
					<id>lr</id>
					<type>single</type>
					<x>694</x>
					<y>145</y>
					<width>88</width>
					<height>1529</height>
					<datatype>n</datatype>
				</element>
				<element>
					<id>sh</id>
					<type>single</type>
					<x>782</x>
					<y>145</y>
					<width>110</width>
					<height>1529</height>
					<datatype>n</datatype>
				</element>
				<element>
					<id>total</id>
					<type>single</type>
					<x>892</x>
					<y>145</y>
					<width>120</width>
					<height>1529</height>
					<datatype>n</datatype>
				</element>
			</elements>
		</element>
		<element>
			<id>player_detail_against</id>
			<type>multi</type>
			<x>1559</x>
			<width>899</width>
			<y>145</y>
			<height>1529</height>
			<elements>
				<element>
					<id>color</id>
					<type>single</type>
					<x>1559</x>
					<y>145</y>
					<width>100</width>
					<height>1529</height>
					<datatype>s</datatype>
				</element>
				<element>
					<id>tagged_you</id>
					<type>single</type>
					<x>1659</x>
					<y>145</y>
					<width>289</width>
					<height>1529</height>
					<datatype>s</datatype>
				</element>
				<element>
					<id>ft</id>
					<type>single</type>
					<x>1948</x>
					<y>145</y>
					<width>94</width>
					<height>1529</height>
					<datatype>n</datatype>
				</element>
				<element>
					<id>bk</id>
					<type>single</type>
					<x>2042</x>
					<y>145</y>
					<width>87</width>
					<height>1529</height>
					<datatype>n</datatype>
				</element>
				<element>
					<id>lr</id>
					<type>single</type>
					<x>2129</x>
					<y>145</y>
					<width>96</width>
					<height>1529</height>
					<datatype>n</datatype>
				</element>
				<element>
					<id>sh</id>
					<type>single</type>
					<x>2225</x>
					<y>145</y>
					<width>103</width>
					<height>1529</height>
					<datatype>n</datatype>
				</element>
				<element>
					<id>total</id>
					<type>single</type>
					<x>2328</x>
					<y>145</y>
					<width>130</width>
					<height>1529</height>
					<datatype>n</datatype>
				</element>
			</elements>
		</element>
		<element>
			<id>date_time</id>
			<type>single</type>
			<x>1012</x>
			<width>547</width>
			<y>167</y>
			<height>204</height>
			<datatype>dt</datatype>
			<group_key>Y</group_key>
			<group_key_order>1</group_key_order>
			<format>MM/DD/YY HH:nn</format>
		</element>
		<element>
			<id>name</id>
			<type>single</type>
			<x>1012</x>
			<width>547</width>
			<y>432</y>
			<height>190</height>
			<datatype>s</datatype>
			<ee_key>Y</ee_key>
			<ee_key_order>1</ee_key_order>
		</element>
		<element>
			<id>game</id>
			<type>single</type>
			<x>1020</x>
			<width>428</width>
			<y>698</y>
			<height>195</height>
			<datatype>s</datatype>
		</element>
		<element>
			<id>no_of_players</id>
			<type>single</type>
			<x>1440</x>
			<width>119</width>
			<y>698</y>
			<height>195</height>
			<datatype>n</datatype>
		</element>
		<element>
			<id>shots</id>
			<type>single</type>
			<x>1012</x>
			<width>244</width>
			<y>958</y>
			<height>178</height>
			<datatype>n</datatype>
		</element>
		<element>
			<id>ratio</id>
			<type>single</type>
			<x>1256</x>
			<width>134</width>
			<y>958</y>
			<height>178</height>
			<datatype>n</datatype>
			<scaler>* .01</scaler>
		</element>
		<element>
			<id>rank</id>
			<type>single</type>
			<x>1390</x>
			<width>169</width>
			<y>958</y>
			<height>178</height>
			<datatype>n</datatype>
		</element>
		<element>
			<id>color</id>
			<type>single</type>
			<x>1012</x>
			<width>294</width>
			<y>1214</y>
			<height>166</height>
			<datatype>s</datatype>
		</element>
		<element>
			<id>bases</id>
			<type>single</type>
			<x>1306</x>
			<width>253</width>
			<y>1214</y>
			<height>166</height>
			<datatype>n</datatype>
		</element>
		<element>
			<id>red_team_score</id>
			<type>single</type>
			<x>1012</x>
			<width>199</width>
			<y>1474</y>
			<height>146</height>
			<datatype>n</datatype>
		</element>
		<element>
			<id>green_team_score</id>
			<type>single</type>
			<x>1211</x>
			<width>148</width>
			<y>1474</y>
			<height>146</height>
			<datatype>n</datatype>
		</element>
		<element>
			<id>mixed_team_score</id>
			<type>single</type>
			<x>1359</x>
			<width>200</width>
			<y>1474</y>
			<height>146</height>
			<datatype>n</datatype>
		</element>
		<element>
			<id>score</id>
			<type>single</type>
			<x>1012</x>
			<width>547</width>
			<y>1620</y>
			<height>140</height>
			<datatype>n</datatype>
		</element>
		<element>
			<id>ftL_sum</id>
			<type>single</type>
			<x>476</x>
			<width>133</width>
			<y>1674</y>
			<height>89</height>
			<datatype>n</datatype>
		</element>
		<element>
			<id>bkL_sum</id>
			<type>single</type>
			<x>609</x>
			<width>85</width>
			<y>1674</y>
			<height>89</height>
			<datatype>n</datatype>
		</element>
		<element>
			<id>lrL_sum</id>
			<type>single</type>
			<x>694</x>
			<width>88</width>
			<y>1674</y>
			<height>89</height>
			<datatype>n</datatype>
		</element>
		<element>
			<id>shL_sum</id>
			<type>single</type>
			<x>782</x>
			<width>110</width>
			<y>1674</y>
			<height>89</height>
			<datatype>n</datatype>
		</element>
		<element>
			<id>totalL_sum</id>
			<type>single</type>
			<x>892</x>
			<width>120</width>
			<y>1674</y>
			<height>89</height>
			<datatype>n</datatype>
		</element>
		<element>
			<id>ftR_sum</id>
			<type>single</type>
			<x>1894</x>
			<width>118</width>
			<y>1674</y>
			<height>89</height>
			<datatype>n</datatype>
		</element>
		<element>
			<id>bkR_sum</id>
			<type>single</type>
			<x>2012</x>
			<width>92</width>
			<y>1674</y>
			<height>89</height>
			<datatype>n</datatype>
		</element>
		<element>
			<id>lrR_sum</id>
			<type>single</type>
			<x>2104</x>
			<width>92</width>
			<y>1674</y>
			<height>89</height>
			<datatype>n</datatype>
		</element>
		<element>
			<id>shR_sum</id>
			<type>single</type>
			<x>2196</x>
			<width>106</width>
			<y>1674</y>
			<height>89</height>
			<datatype>n</datatype>
		</element>
		<element>
			<id>totalR_sum</id>
			<type>single</type>
			<x>2302</x>
			<width>149</width>
			<y>1674</y>
			<height>89</height>
			<datatype>n</datatype>
		</element>
	</elements>
</ocr_template>
